Country Name,Country Code,Indicator Name,Indicator Code,2000,2001,2002,2003,2004,2005,2006,2007,2008,2009,2010,2011,2012,2013,2014,2015,2016,2017,2018,2019,2020,2021,2022,2023,2024
Aruba,ABW,"Life expectancy at birth, total (years)",SP.DYN.LE00.IN,72.939,73.044,73.135,73.236,73.223,73.415,73.498,73.642,73.783,73.974,74.297,74.578,74.841,75.072,75.261,75.405,75.54,75.62,75.88,76.019,75.406,73.655,76.226,76.353,
Africa Eastern and Southern,AFE,"Life expectancy at birth, total (years)",SP.DYN.LE00.IN,52.55734186,52.87553605,53.20674433,53.67830477,54.19292787,54.80768071,55.69351526,56.48435318,57.24010632,58.09552714,58.82727921,59.20000403,60.24951236,60.89573975,61.25143602,61.71303052,62.16798132,62.5912751,63.33069136,63.85726128,63.766484,62.97999919,64.48701955,65.14629086,
Afghanistan,AFG,"Life expectancy at birth, total (years)",SP.DYN.LE00.IN,55.005,55.511,56.225,57.171,57.81,58.247,58.553,58.956,59.708,60.248,60.702,61.25,61.735,62.188,62.26,62.27,62.646,62.406,62.443,62.941,61.454,60.417,65.617,66.035,
Africa Western and Central,AFW,"Life expectancy at birth, total (years)",SP.DYN.LE00.IN,50.29798308,50.67779041,51.10802357,51.57812224,52.10608309,52.5557531,52.97870971,53.48243141,53.91626163,53.85224546,54.60335321,54.96397349,55.29270582,55.55490741,55.69544634,56.03833565,56.39245185,56.62643881,57.03697644,57.14984676,57.3644254,57.36257169,57.98781339,58.85572155,
Angola,AGO,"Life expectancy at birth, total (years)",SP.DYN.LE00.IN,46.501,47.032,47.874,50.218,51.123,52.13,52.965,54.2,55.281,56.225,57.242,58.093,58.916,59.705,60.396,61.042,61.619,62.122,62.622,63.051,63.116,62.958,64.246,64.617,
Albania,ALB,"Life expectancy at birth, total (years)",SP.DYN.LE00.IN,74.826,75.083,75.299,75.557,75.951,76.427,76.994,77.691,78.248,78.509,78.414,78.303,78.084,77.995,78.029,78.358,78.643,78.9,79.238,79.467,77.824,76.844,78.769,79.602,
Andorra,AND,"Life expectancy at birth, total (years)",SP.DYN.LE00.IN,81.863,82.162,82.448,82.718,82.815,83.086,83.374,83.632,83.855,84.1,84.197,84.296,84.334,84.406,84.485,84.532,84.489,84.359,84.242,84.098,79.418,82.331,84.016,84.041,
Arab World,ARB,"Life expectancy at birth, total (years)",SP.DYN.LE00.IN,66.89069989,67.24061704,67.58063028,67.65033495,67.7331029,68.04050241,68.49126524,68.87922644,69.25813276,69.70690354,69.8073221,69.36333769,69.8423166,70.19210585,70.53506663,70.65801237,70.89648812,71.11285601,71.43129979,71.83989327,70.72655881,70.40411449,71.8760956,72.44467836,
United Arab Emirates,ARE,"Life expectancy at birth, total (years)",SP.DYN.LE00.IN,76.347,77.621,78.721,79.6,80.272,80.779,81.155,81.438,81.591,81.679,81.886,81.898,81.913,81.95,81.99,82.076,82.195,82.388,82.449,82.596,81.936,79.083,80.487,82.909,
Argentina,ARG,"Life expectancy at birth, total (years)",SP.DYN.LE00.IN,73.91,74.154,74.312,74.307,74.871,75.231,75.279,74.783,75.428,75.577,75.68,76.1,75.802,75.829,76.268,76.6,76.105,76.543,76.77,76.847,75.878,73.948,75.806,77.395,
Armenia,ARM,"Life expectancy at birth, total (years)",SP.DYN.LE00.IN,72.8804878,72.97560976,72.82682927,72.82682927,73.02682927,73.07560976,72.82439024,72.87317073,73.07317073,73.07317073,73.17317073,73.81707317,74.1195122,74.62195122,74.87317073,74.87073171,74.86829268,75.21707317,75.6195122,76.22195122,73.37560976,72.27804878,74.76585366,77.46585366,
American Samoa,ASM,"Life expectancy at birth, total (years)",SP.DYN.LE00.IN,71.443,71.573,71.755,71.698,72.277,72.382,72.397,72.365,72.43,70.839,72.587,72.662,72.709,72.769,72.687,72.654,72.64,72.801,72.794,72.751,72.672,72.708,72.752,72.852,
Antigua and Barbuda,ATG,"Life expectancy at birth, total (years)",SP.DYN.LE00.IN,74.819,75.108,75.237,75.313,75.329,75.364,75.506,75.72,76.075,76.386,76.701,77.023,77.1,77.05,76.912,76.892,76.968,77.03,77.132,77.168,77.161,77.197,77.483,77.598,
Australia,AUS,"Life expectancy at birth, total (years)",SP.DYN.LE00.IN,79.23414634,79.63414634,79.93658537,80.23902439,80.4902439,80.84146341,81.04146341,81.29268293,81.39512195,81.54390244,81.69512195,81.89512195,82.04634146,82.14878049,82.3,82.4,82.44878049,82.5,82.74878049,82.9,83.2,83.3,83.2,83.05121951,
Austria,AUT,"Life expectancy at birth, total (years)",SP.DYN.LE00.IN,78.12682927,78.57560976,78.67804878,78.63170732,79.1804878,79.33170732,79.8804878,80.1804878,80.43170732,80.33170732,80.5804878,80.98292683,80.93658537,81.13658537,81.4902439,81.1902439,81.64146341,81.64390244,81.69268293,81.89512195,81.19268293,81.1902439,81.29512195,81.54146341,
Azerbaijan,AZE,"Life expectancy at birth, total (years)",SP.DYN.LE00.IN,65.377,66.043,66.769,67.036,67.488,67.71,68.489,68.659,69.355,69.874,70.309,70.565,71.08,71.485,71.93,72.349,72.568,72.694,73.016,73.29,70.312,70.999,74.125,74.429,
Burundi,BDI,"Life expectancy at birth, total (years)",SP.DYN.LE00.IN,47.617,48.509,49.924,50.997,52.217,53.053,53.962,54.832,55.581,56.422,57.088,57.804,58.501,59.179,59.764,60.107,60.789,61.345,61.806,62.18,62.569,62.101,62.882,63.651,
Belgium,BEL,"Life expectancy at birth, total (years)",SP.DYN.LE00.IN,77.72195122,77.97317073,78.07560976,78.12926829,78.87804878,78.9804878,79.3804878,79.78292683,79.6804878,80.03414634,80.18292683,80.58536585,80.38536585,80.58780488,81.28780488,80.99268293,81.43902439,81.49268293,81.59512195,81.99512195,80.69512195,81.7902439,81.74878049,82.39756098,
Benin,BEN,"Life expectancy at birth, total (years)",SP.DYN.LE00.IN,56.594,56.654,56.851,57.092,57.346,57.738,57.966,58.249,58.099,58.258,58.387,58.462,58.559,58.863,59.008,59.123,59.283,59.528,59.71,59.888,60.154,59.61,60.475,60.774,
Burkina Faso,BFA,"Life expectancy at birth, total (years)",SP.DYN.LE00.IN,50.808,51.188,51.447,51.959,52.6,53.271,53.784,54.377,55.199,55.791,56.343,57.001,57.457,57.903,58.331,58.778,59.173,59.578,59.972,60.184,60.454,60.046,60.7,61.092,
Bangladesh,BGD,"Life expectancy at birth, total (years)",SP.DYN.LE00.IN,62.049,62.836,63.591,64.288,64.912,65.509,66.048,66.458,67.047,67.527,68.009,68.499,68.989,69.487,70.016,70.543,71.075,71.606,72.122,72.625,71.421,71.103,74.265,74.672,
Bulgaria,BGR,"Life expectancy at birth, total (years)",SP.DYN.LE00.IN,71.66341463,71.76829268,71.86585366,72.06585366,72.56341463,72.56097561,72.61219512,72.66341463,72.96341463,73.41219512,73.51219512,74.16341463,74.31463415,74.86097561,74.46585366,74.61463415,74.81219512,74.81463415,74.96341463,75.11219512,73.35609756,71.21219512,74.16097561,75.70731707,
Bahrain,BHR,"Life expectancy at birth, total (years)",SP.DYN.LE00.IN,74.673,74.942,75.209,75.486,75.787,76.125,76.51,76.952,77.457,78.016,78.593,79.141,79.622,79.998,80.214,80.338,80.407,80.407,80.412,80.471,78.683,78.083,80.992,81.284,
"Bahamas, The",BHS,"Life expectancy at birth, total (years)",SP.DYN.LE00.IN,72.481,72.765,73.023,73.213,73.235,73.413,73.456,73.463,73.445,73.455,73.449,73.571,73.707,73.93,74.029,73.805,74.042,74.031,74.062,71.408,72.994,70.752,74.491,74.552,
Bosnia and Herzegovina,BIH,"Life expectancy at birth, total (years)",SP.DYN.LE00.IN,75.292,75.573,75.994,76.449,76.489,76.424,76.028,76.162,76.3,76.701,76.827,76.963,77.037,77.129,77.089,77.073,77.124,77.385,77.942,77.394,76.04,74.567,76.777,77.85,
Belarus,BLR,"Life expectancy at birth, total (years)",SP.DYN.LE00.IN,68.91219512,68.50731707,68.05609756,68.55365854,68.95609756,68.85121951,69.40487805,70.20731707,70.45609756,70.40731707,70.40487805,70.55365854,71.96585366,72.47073171,72.97073171,73.62439024,73.82682927,74.12926829,74.17560976,74.22682927,72.13856098,72.07146341,74.10336585,74.18378049,
Belize,BLZ,"Life expectancy at birth, total (years)",SP.DYN.LE00.IN,68.911,68.944,69.528,69.819,70.152,70.335,70.535,70.652,70.665,70.806,70.875,70.975,71.134,71.276,71.437,71.647,71.843,72.062,72.322,72.577,71.58,70.917,72.19,73.566,
Bermuda,BMU,"Life expectancy at birth, total (years)",SP.DYN.LE00.IN,78.251,78.637,78.841,78.715,78.898,78.874,78.87,79.006,79.101,79.229,79.414,79.651,79.847,80.016,80.199,80.338,80.476,80.686,80.986,81.251,81.456,81.745,82.062,82.309,
Bolivia,BOL,"Life expectancy at birth, total (years)",SP.DYN.LE00.IN,62.057,62.538,63.068,63.455,63.819,64.182,64.529,64.939,65.299,65.656,66.003,66.282,66.586,66.777,66.97,67.205,67.392,67.536,67.699,67.82,62.906,61.427,67.434,68.581,
Brazil,BRA,"Life expectancy at birth, total (years)",SP.DYN.LE00.IN,69.584,69.98,70.396,70.884,71.361,71.832,72.296,72.73,73.111,73.457,73.779,74.047,74.335,74.609,74.823,75.106,75.081,75.383,75.633,75.809,74.506,73.038,74.872,75.848,
Barbados,BRB,"Life expectancy at birth, total (years)",SP.DYN.LE00.IN,74.58,74.707,74.82,74.865,75.15,74.96,75.049,75.263,75.3,75.458,75.488,75.599,75.737,75.816,75.926,76.055,76.168,76.237,76.378,76.495,76.647,76.58,75.676,76.178,
Brunei Darussalam,BRN,"Life expectancy at birth, total (years)",SP.DYN.LE00.IN,74.017,74.209,74.365,74.509,74.603,74.683,74.753,74.793,74.814,74.814,74.82,74.835,74.843,74.854,74.862,74.88,74.905,74.943,74.992,75.049,75.114,74.869,72.917,75.327,
Bhutan,BTN,"Life expectancy at birth, total (years)",SP.DYN.LE00.IN,61.842,63.323,63.984,64.662,65.29,65.875,66.499,67.152,67.733,68.156,68.765,69.28,69.759,70.161,70.504,70.797,71.119,71.413,71.711,72.005,72.253,72.448,72.754,72.975,
Botswana,BWA,"Life expectancy at birth, total (years)",SP.DYN.LE00.IN,52.263,52.21,52.373,52.851,53.573,54.386,55.112,56.735,57.661,58.297,59.137,59.715,60.384,61.217,62.167,63.215,64.32,65.42,66.371,67.167,67.643,63.303,68.749,69.163,
Central African Republic,CAF,"Life expectancy at birth, total (years)",SP.DYN.LE00.IN,46.609,46.734,46.84,47.306,47.696,48.207,48.687,49.327,49.873,14.665,46.871,50.107,51.336,49.487,40.265,51.934,50.999,45.231,52.297,31.53,50.596,40.279,18.818,57.408,
Canada,CAN,"Life expectancy at birth, total (years)",SP.DYN.LE00.IN,79.16682927,79.39804878,79.53073171,79.71512195,79.99219512,80.11268293,80.54365854,80.54365854,80.72463415,81.06609756,81.32219512,81.48268293,81.66365854,81.74487805,81.78439024,81.82585366,81.94,81.81292683,81.80878049,82.16365854,81.53512195,81.51682927,81.24536585,81.64658537,
Central Europe and the Baltics,CEB,"Life expectancy at birth, total (years)",SP.DYN.LE00.IN,72.71972472,73.09614819,73.24241549,73.38225278,73.73043493,73.84499514,74.09260273,74.25064872,74.57595268,74.93036393,75.29396578,75.88847488,76.00339447,76.37473501,76.68876964,76.57551198,76.97030623,76.92978872,76.97643808,77.26591419,76.01627013,74.72328279,76.65229873,77.89678365,
Switzerland,CHE,"Life expectancy at birth, total (years)",SP.DYN.LE00.IN,79.6804878,80.1804878,80.38536585,80.53658537,81.08780488,81.23658537,81.4902439,81.74146341,81.99268293,82.04390244,82.24634146,82.69512195,82.69756098,82.79756098,83.19756098,82.89756098,83.60243902,83.55121951,83.75365854,83.90487805,83,83.75121951,83.60487805,84.05609756,
Channel Islands,CHI,"Life expectancy at birth, total (years)",SP.DYN.LE00.IN,78.8,79,79.1,79.4,79.8,80.1,80.4,80.6,80.8,81,81.2,81.4,81.3,81.5,81.6,81.4,81.2,81,81.1,81.2,80.9,80.3,81,81.1,
Chile,CHL,"Life expectancy at birth, total (years)",SP.DYN.LE00.IN,77.128,77.58,77.84,77.884,78.276,78.459,78.533,78.652,78.752,78.89,79.095,79.236,79.221,79.551,79.714,80.008,80.295,80.61,80.559,80.324,79.349,78.876,79.176,81.167,
China,CHN,"Life expectancy at birth, total (years)",SP.DYN.LE00.IN,72.288,72.675,73.034,73.385,73.727,74.085,74.404,74.789,74.833,75.317,75.668,75.889,76.2,76.452,76.714,76.975,77.214,77.235,77.709,77.94,78.019,78.117,78.202,77.953,
Cote d'Ivoire,CIV,"Life expectancy at birth, total (years)",SP.DYN.LE00.IN,51.393,51.428,51.544,51.443,51.939,52.432,52.885,53.452,54.179,54.744,55.282,55.972,56.57,57.057,57.772,58.281,58.814,59.315,59.795,60.274,60.14,60.29,61.562,61.944,
Cameroon,CMR,"Life expectancy at birth, total (years)",SP.DYN.LE00.IN,53.338,53.598,53.922,54.253,54.578,54.904,55.301,55.71,56.116,56.486,56.965,57.482,58.17,58.73,59.13,59.687,60.293,60.817,61.189,61.695,61.674,61.146,62.443,63.7,
"Congo, Dem. Rep.",COD,"Life expectancy at birth, total (years)",SP.DYN.LE00.IN,51.887,52.205,52.371,52.952,53.534,54.001,54.498,54.954,55.388,55.798,56.411,56.911,57.35,57.795,58.236,58.658,59.081,59.495,59.926,60.242,60.428,60.044,60.979,61.895,
"Congo, Rep.",COG,"Life expectancy at birth, total (years)",SP.DYN.LE00.IN,55.371,55.885,56.414,57.131,57.957,58.73,59.474,60.05,60.79,61.215,61.731,62.286,62.662,62.969,63.349,63.662,63.911,64.203,64.472,63.152,64.391,64.192,65,65.772,
Colombia,COL,"Life expectancy at birth, total (years)",SP.DYN.LE00.IN,70.905,71.185,71.537,72.309,72.76,73.156,73.497,73.751,74.206,74.531,74.876,75.18,75.611,75.834,75.95,76.067,76.228,76.418,76.579,76.793,74.757,72.698,76.508,77.725,
Comoros,COM,"Life expectancy at birth, total (years)",SP.DYN.LE00.IN,58.941,59.587,59.723,60.24,60.557,60.883,61.229,61.475,61.955,62.302,62.747,63.105,63.463,63.839,64.143,64.473,64.792,65.127,65.401,65.662,65.756,65.201,66.481,66.777,
Cabo Verde,CPV,"Life expectancy at birth, total (years)",SP.DYN.LE00.IN,68.117,68.707,69.447,70.006,70.499,70.936,71.341,71.487,71.888,72.142,72.507,72.913,73.315,73.481,73.788,74.096,74.35,74.71,74.84,75.449,73.818,74.424,75.907,76.059,
Costa Rica,CRI,"Life expectancy at birth, total (years)",SP.DYN.LE00.IN,77.317,77.609,77.939,78.214,78.512,78.877,79.049,79.098,79.18,79.372,79.354,79.624,79.925,80.189,80.231,80.407,79.988,79.994,80.09,80.296,79.725,78.05,79.316,80.799,
Caribbean small states,CSS,"Life expectancy at birth, total (years)",SP.DYN.LE00.IN,68.39767583,68.66197229,68.8997139,69.0876489,69.36097019,69.63205133,69.93442322,70.29373334,70.54999747,70.79773751,71.0114367,71.26609329,71.40191433,71.56925061,71.77394118,71.86410217,72.05163612,72.17310416,72.2210854,72.12926048,71.93943593,69.92281075,72.83229211,73.171645,
Cuba,CUB,"Life expectancy at birth, total (years)",SP.DYN.LE00.IN,75.922,76.429,76.766,77.405,77.326,77.54,77.406,77.55,77.589,77.584,77.876,78.051,78.162,78.028,77.825,77.745,77.571,77.3,77.426,77.413,77.407,73.201,77.629,78.085,
Curacao,CUW,"Life expectancy at birth, total (years)",SP.DYN.LE00.IN,73.283,73.36,73.472,73.603,73.735,73.873,73.978,74.137,74.314,74.485,75.117,75.576,75.96,76.239,76.384,76.482,76.322,76.423,76.493,76.492,76.501,75.686,76.729,76.8,
Cayman Islands,CYM,"Life expectancy at birth, total (years)",SP.DYN.LE00.IN,74.378,74.529,74.609,74.639,74.596,74.863,75,75.152,75.386,75.671,76.069,76.562,77.121,77.652,77.865,78.119,78.367,78.615,78.835,79.052,79.23,79.3,79.984,80.358,
Cyprus,CYP,"Life expectancy at birth, total (years)",SP.DYN.LE00.IN,77.9,78.185,78.758,78.908,79.007,79.198,79.456,79.798,79.906,80.375,80.632,80.855,81.128,81.317,81.337,81.464,81.534,81.543,81.556,81.454,81.23,80.573,80.434,81.648,
Czechia,CZE,"Life expectancy at birth, total (years)",SP.DYN.LE00.IN,74.96829268,75.17317073,75.22195122,75.17073171,75.72195122,75.92439024,76.52439024,76.72439024,76.97560976,77.07804878,77.42439024,77.87317073,78.07560976,78.17560976,78.82439024,78.57804878,79.02682927,78.97804878,79.02926829,79.22926829,78.22682927,77.22195122,78.92926829,79.87804878,
Germany,DEU,"Life expectancy at birth, total (years)",SP.DYN.LE00.IN,77.92682927,78.32926829,78.22926829,78.3804878,78.6804878,78.93170732,79.13170732,79.53414634,79.73658537,79.83658537,79.98780488,80.43658537,80.53902439,80.4902439,81.0902439,80.64146341,80.9902439,80.99268293,80.89268293,81.29268293,81.04146341,80.7902439,80.60804878,80.54146341,
Djibouti,DJI,"Life expectancy at birth, total (years)",SP.DYN.LE00.IN,56.734,57.506,57.824,58.041,58.103,58.548,58.962,59.362,59.815,60.351,60.743,61.337,61.719,62.116,62.427,62.833,63.335,63.71,64.105,64.381,64.2,63.83,65.54,65.987,
Dominica,DMA,"Life expectancy at birth, total (years)",SP.DYN.LE00.IN,71.715,71.862,71.927,71.942,71.987,72.016,72.007,71.901,71.945,71.835,71.68,71.517,71.391,71.228,71.189,69.968,71.189,68.62,71.378,71.305,71.269,69.832,71.081,71.132,
Denmark,DNK,"Life expectancy at birth, total (years)",SP.DYN.LE00.IN,76.59268293,76.79268293,76.89512195,77.14390244,77.49268293,77.84390244,78.09512195,78.19512195,78.44634146,78.59756098,79.1,79.8,80.05121951,80.3,80.7,80.70243902,80.85365854,81.10243902,80.95365854,81.45121951,81.60243902,81.40487805,81.30487805,81.85365854,
Dominican Republic,DOM,"Life expectancy at birth, total (years)",SP.DYN.LE00.IN,70.365,70.553,70.719,70.856,70.73,71.043,71.054,71.097,71.331,71.587,72.039,72.496,72.817,73.038,73.145,72.982,72.889,73.37,73.555,73.112,72.636,71.757,74.211,73.72,
Algeria,DZA,"Life expectancy at birth, total (years)",SP.DYN.LE00.IN,70.576,71.025,71.644,71.906,72.536,72.836,73.116,73.346,73.618,73.871,74.144,74.383,74.609,74.809,74.992,75.159,75.31,75.431,75.555,75.682,73.257,75.208,76.129,76.261,
East Asia & Pacific (excluding high income),EAP,"Life expectancy at birth, total (years)",SP.DYN.LE00.IN,70.73570716,71.07409239,71.39674996,71.80399563,71.85880092,72.39832664,72.65187044,72.99375366,72.92413762,73.46778781,73.76163906,73.98574532,74.25978721,74.48593238,74.71945281,74.95112438,75.15591177,75.23967149,75.57828618,75.76896903,75.69763933,75.27814184,75.93254094,75.88068309,
Early-demographic dividend,EAR,"Life expectancy at birth, total (years)",SP.DYN.LE00.IN,64.21960983,64.55670545,64.96807468,65.27915505,65.51323928,65.97978641,66.39193001,66.76054674,67.02181876,67.49640825,67.82444347,68.26003807,68.60946303,68.96283778,69.32497588,69.63054844,69.94848371,70.27299494,70.54866599,70.84240646,69.88013085,68.17909948,71.43045525,71.79624498,
East Asia & Pacific,EAS,"Life expectancy at birth, total (years)",SP.DYN.LE00.IN,71.70283232,72.041306,72.35710581,72.73469089,72.8126606,73.29843455,73.564044,73.89485135,73.84816299,74.36834717,74.62997901,74.82528306,75.10597269,75.33477299,75.56442704,75.79260102,75.98701667,76.07899236,76.39142294,76.58626193,76.54343761,76.15300938,76.67678344,76.65951833,
Europe & Central Asia (excluding high income),ECA,"Life expectancy at birth, total (years)",SP.DYN.LE00.IN,68.85705319,69.09027771,69.31873062,69.58790191,69.79114865,69.95951476,70.21786594,70.55797869,70.97431752,71.44229216,71.91259115,72.15095022,72.67451659,73.12744278,73.42174885,73.75827079,74.03492739,74.40749451,74.59766981,74.82118659,73.55895735,72.88743297,74.57862234,74.79871528,
Europe & Central Asia,ECS,"Life expectancy at birth, total (years)",SP.DYN.LE00.IN,73.11379497,73.3559009,73.44648925,73.56281329,73.98809651,74.15370506,74.63982358,75.00870445,75.30236525,75.68924794,75.99540408,76.47941212,76.68059514,77.0325566,77.35369956,77.3311423,77.68151958,77.89930497,78.0322195,78.3042684,77.17574845,76.72872669,77.83611309,78.38701832,
Ecuador,ECU,"Life expectancy at birth, total (years)",SP.DYN.LE00.IN,72.09,72.571,73.164,73.632,73.868,73.909,74.01,74.226,74.709,74.901,75.188,75.179,75.486,75.832,76.141,76.222,76.094,76.22,77.248,77.286,72.004,72.746,76.577,77.392,
"Egypt, Arab Rep.",EGY,"Life expectancy at birth, total (years)",SP.DYN.LE00.IN,67.332,67.612,67.846,68.045,68.211,68.355,68.493,68.627,68.761,68.915,69.078,69.232,69.464,69.632,69.911,70.135,70.437,70.709,70.974,71.213,69.79,68.976,71.01,71.633,
Euro area,EMU,"Life expectancy at birth, total (years)",SP.DYN.LE00.IN,78.19977933,78.54354349,78.63413491,78.65576216,79.23216237,79.37485078,79.80772129,80.0477787,80.25108761,80.45546117,80.69894262,81.18263418,81.18273158,81.4679843,81.89325266,81.51939912,81.90758749,81.88400856,82.00276026,82.28042116,81.48735717,81.58393304,81.62122375,82.19200762,
Eritrea,ERI,"Life expectancy at birth, total (years)",SP.DYN.LE00.IN,56.285,58.359,58.941,59.455,60.063,60.628,61.457,61.998,62.422,63.203,63.665,64.231,64.697,65.005,65.517,65.909,66.242,66.612,66.979,67.306,66.98,66.94,67.789,68.624,
Spain,ESP,"Life expectancy at birth, total (years)",SP.DYN.LE00.IN,78.96585366,79.36829268,79.56829268,79.6195122,79.87073171,80.17073171,80.82195122,80.87317073,81.17560976,81.47560976,81.62682927,82.47560976,82.42682927,83.07804878,83.22926829,82.83170732,83.32926829,83.28292683,83.43170732,83.83170732,82.23170732,83.17804878,83.13414634,83.88292683,
Estonia,EST,"Life expectancy at birth, total (years)",SP.DYN.LE00.IN,70.41707317,70.25853659,70.90487805,71.31707317,71.9097561,72.56829268,72.69146341,72.81463415,73.77073171,74.82439024,75.42926829,76.22926829,76.32682927,77.14146341,77.03414634,77.5902439,77.64146341,78.09268293,78.24390244,78.64634146,78.59512195,76.94390244,77.84390244,78.4902439,
Ethiopia,ETH,"Life expectancy at birth, total (years)",SP.DYN.LE00.IN,50.88,51.428,52.085,52.877,53.735,54.364,55.402,56.566,57.733,58.715,59.709,60.595,61.443,62.161,62.927,63.592,64.162,64.766,65.257,65.741,65.969,65.33,66.897,67.315,
European Union,EUU,"Life expectancy at birth, total (years)",SP.DYN.LE00.IN,77.07824508,77.42563903,77.53407464,77.59237484,78.11782818,78.27514103,78.67212829,78.9060451,79.12962819,79.36243868,79.63543079,80.14395052,80.16577732,80.47343246,80.87616539,80.57089662,80.95308081,80.93030979,81.03175101,81.31945249,80.44147547,80.30719644,80.71298184,81.41145038,
Fragile and conflict affected situations,FCS,"Life expectancy at birth, total (years)",SP.DYN.LE00.IN,55.48842498,55.7212693,56.15085661,56.44692546,56.75574472,57.14727815,57.5943114,58.10957466,58.18717806,58.9379606,59.34316076,59.62763559,60.10084025,60.45483943,60.5536918,60.74499311,60.98618367,61.22968269,61.78250831,62.13795455,62.06636829,61.60868104,62.70227157,63.34994478,
Finland,FIN,"Life expectancy at birth, total (years)",SP.DYN.LE00.IN,77.46585366,77.96585366,78.1195122,78.36829268,78.71463415,78.81707317,79.21463415,79.26341463,79.56829268,79.7195122,79.87073171,80.47073171,80.62682927,80.97560976,81.1804878,81.4804878,81.42926829,81.63170732,81.73414634,81.98292683,81.93170732,81.88536585,81.18780488,81.68536585,
Fiji,FJI,"Life expectancy at birth, total (years)",SP.DYN.LE00.IN,66.194,66.205,65.492,65.653,65.841,65.983,66.126,66.161,66.32,66.347,66.778,66.88,65.812,66.545,66.581,66.48,66.657,67.06,66.965,67.009,66.924,64.904,67.148,67.316,
France,FRA,"Life expectancy at birth, total (years)",SP.DYN.LE00.IN,79.05609756,79.15853659,79.26097561,79.11463415,80.16341463,80.16341463,80.81219512,81.11219512,81.21463415,81.41463415,81.66341463,82.11463415,81.96829268,82.2195122,82.7195122,82.32195122,82.57317073,82.57560976,82.67560976,82.82682927,82.17560976,82.32439024,82.12926829,82.92926829,
Faroe Islands,FRO,"Life expectancy at birth, total (years)",SP.DYN.LE00.IN,78.38292683,78.58536585,78.78780488,78.93902439,79.1902439,79.44146341,79.69268293,79.94146341,80.14146341,80.3902439,80.63902439,80.8902439,81.0902439,81.34146341,81.59268293,81.79268293,81.99268293,82.14390244,82.29268293,82.44390244,82.64390244,82.84390244,82.94390244,83.14390244,
"Micronesia, Fed. Sts.",FSM,"Life expectancy at birth, total (years)",SP.DYN.LE00.IN,64.317,64.801,63.907,64.915,64.898,64.906,64.859,64.844,64.849,64.865,64.892,64.969,65.08,65.179,65.294,65.306,65.576,65.761,65.943,66.196,65.878,66.152,66.961,67.198,
Gabon,GAB,"Life expectancy at birth, total (years)",SP.DYN.LE00.IN,61.81,61.982,62.175,62.463,62.694,62.978,63.259,63.619,64.011,64.361,64.715,65.102,65.438,65.751,66.07,66.336,66.583,66.816,67.043,67.337,67.073,67.072,67.713,68.337,
United Kingdom,GBR,"Life expectancy at birth, total (years)",SP.DYN.LE00.IN,77.74146341,77.99268293,78.14390244,78.44634146,78.74634146,79.04878049,79.24878049,79.44878049,79.6,80.05121951,80.40243902,80.95121951,80.90487805,81.00487805,81.30487805,80.95609756,81.15609756,81.25609756,81.25609756,81.36912195,80.3317561,80.64731707,81.01121951,81.23809756,
Georgia,GEO,"Life expectancy at birth, total (years)",SP.DYN.LE00.IN,70.091,70.371,70.438,71.377,71.011,70.689,70.983,70.985,70.949,71.058,71.732,72.485,72.672,73.025,73.105,73.241,73.136,73.435,73.985,74.165,73.509,71.635,74.141,74.496,
Ghana,GHA,"Life expectancy at birth, total (years)",SP.DYN.LE00.IN,58.139,58.403,58.709,59.014,59.316,59.638,59.975,60.282,60.578,60.928,61.297,61.617,61.995,62.397,62.832,63.175,63.522,63.829,64.138,64.455,64.309,64.286,65.246,65.498,
Gibraltar,GIB,"Life expectancy at birth, total (years)",SP.DYN.LE00.IN,80.145,80.419,80.59,80.713,80.856,80.991,81.103,81.269,81.541,81.807,82.08,82.333,82.527,82.586,82.644,82.668,82.741,82.858,83.028,83.183,83.07,80.274,83.517,83.553,
Guinea,GIN,"Life expectancy at birth, total (years)",SP.DYN.LE00.IN,52.42,52.669,53.2,53.589,53.975,54.422,54.875,55.233,55.703,56.052,56.431,56.778,57.117,57.459,57.581,57.899,58.49,58.715,59.043,59.379,59.35,59.373,60.432,60.74,
"Gambia, The",GMB,"Life expectancy at birth, total (years)",SP.DYN.LE00.IN,56.899,57.283,57.736,58.223,58.749,59.11,59.667,60.001,60.473,60.735,61.167,61.561,61.9,62.252,62.576,62.971,63.386,63.708,64.034,64.427,64.418,63.847,64.859,65.86,
Guinea-Bissau,GNB,"Life expectancy at birth, total (years)",SP.DYN.LE00.IN,50.565,51.054,51.608,52.186,52.8,52.949,54.089,54.87,55.3,56.297,56.999,57.663,58.27,58.879,59.476,60.071,60.619,61.148,61.652,62.161,61.343,61.653,63.605,64.085,
Equatorial Guinea,GNQ,"Life expectancy at birth, total (years)",SP.DYN.LE00.IN,53.395,53.827,54.324,54.791,55.307,55.766,56.354,56.857,57.384,57.881,58.344,58.827,59.301,59.784,60.228,60.635,61.081,61.481,61.915,62.297,62.141,62.447,63.355,63.707,
Greece,GRC,"Life expectancy at birth, total (years)",SP.DYN.LE00.IN,77.88780488,78.38780488,78.64146341,78.84146341,79.03902439,79.23902439,79.43902439,79.43902439,79.93902439,80.18780488,80.38780488,80.73170732,80.63414634,81.28536585,81.38536585,81.03658537,81.38780488,81.28780488,81.78780488,81.63902439,81.28780488,80.08292683,80.78780488,81.53658537,
Grenada,GRD,"Life expectancy at birth, total (years)",SP.DYN.LE00.IN,72.955,73.034,73.142,73.291,72.447,73.7,73.93,74.159,74.374,74.567,74.731,74.861,74.961,75.022,75.045,75.037,75.01,74.977,74.957,74.971,75.019,74.522,75.151,75.205,
Greenland,GRL,"Life expectancy at birth, total (years)",SP.DYN.LE00.IN,66.09902439,66.19658537,66.61170732,67.18170732,67.72634146,68.23512195,68.61658537,69.04829268,69.37,69.7795122,70.08073171,70.26487805,70.54634146,70.83853659,71.06097561,71.47902439,71.83853659,71.93219512,71.96756098,71.94439024,71.85073171,71.81390244,71.5404878,71.5497561,
Guatemala,GTM,"Life expectancy at birth, total (years)",SP.DYN.LE00.IN,67.102,67.436,67.835,68.204,68.245,68.167,68.79,69.299,69.493,69.676,69.885,70.321,70.722,70.878,70.942,70.915,71.215,71.583,71.496,71.639,69.971,67.858,71.206,72.602,
Guam,GUM,"Life expectancy at birth, total (years)",SP.DYN.LE00.IN,74.894,75.195,75.506,75.885,76.114,76.427,76.477,76.397,76.233,76.141,76.095,76.153,76.237,76.361,76.423,76.444,76.449,76.463,76.561,76.645,75.529,75.434,77.102,77.209,
Guyana,GUY,"Life expectancy at birth, total (years)",SP.DYN.LE00.IN,64.075,64.38,64.183,64.117,64.214,64.392,64.848,65.462,65.721,66.03,66.204,66.469,66.443,66.71,67.334,67.719,68.069,68.543,68.829,69.067,67.751,64.323,69.888,70.18,
High income,HIC,"Life expectancy at birth, total (years)",SP.DYN.LE00.IN,76.04181379,76.31476643,76.43945707,76.54836375,76.9899667,77.10972532,77.54232342,77.86314784,78.05287457,78.40501255,78.59569877,78.92115369,79.07536479,79.31272476,79.56542462,79.52437462,79.72437244,79.85384107,79.96680206,80.1994382,79.20435169,78.80005645,79.43132422,80.15001512,
"Hong Kong SAR, China",HKG,"Life expectancy at birth, total (years)",SP.DYN.LE00.IN,80.87317073,81.41926829,81.45219512,81.34341463,81.79926829,81.60902439,82.38487805,82.36682927,82.3404878,82.77512195,82.95756098,83.41195122,83.4502439,83.83121951,83.93560976,84.25268293,84.21146341,84.69560976,84.8697561,85.15585366,85.49634146,85.53268293,83.66097561,85.24731707,
Honduras,HND,"Life expectancy at birth, total (years)",SP.DYN.LE00.IN,68.302,68.491,68.714,68.874,69.05,69.198,69.364,69.539,69.657,69.823,69.77,70.116,70.46,70.765,71.032,71.323,71.615,71.805,72.001,72.124,70.864,69.492,72.715,72.884,
Heavily indebted poor countries (HIPC),HPC,"Life expectancy at birth, total (years)",SP.DYN.LE00.IN,53.00267076,53.53488609,54.05776786,54.60760047,55.1512913,55.77738097,56.57382269,57.2459304,57.85556159,58.23920372,58.73245715,59.23007473,60.08546491,60.62822767,61.0402808,61.56179394,62.00380837,62.31519567,62.79854426,63.08980042,63.07263197,62.53137357,63.84044586,64.71590542,
Croatia,HRV,"Life expectancy at birth, total (years)",SP.DYN.LE00.IN,72.80780488,74.51292683,74.71731707,74.61390244,75.5202439,75.24463415,75.83682927,75.70560976,75.91219512,76.16829268,76.47560976,76.77560976,77.16829268,77.57073171,77.72439024,77.27560976,77.92195122,77.72682927,77.9195122,78.22439024,77.52439024,76.42439024,77.57560976,78.47317073,
Haiti,HTI,"Life expectancy at birth, total (years)",SP.DYN.LE00.IN,58.175,58.591,59.041,59.44,58.517,60.318,60.74,61.09,61.28,61.694,45.577,61.581,62.273,62.624,62.969,63.224,63.325,63.832,64.077,64.328,63.773,62.613,63.948,64.936,
Hungary,HUN,"Life expectancy at birth, total (years)",SP.DYN.LE00.IN,71.24634146,72.24878049,72.34878049,72.3,72.64878049,72.64878049,73.09756098,73.15121951,73.70243902,73.90487805,74.20731707,74.85853659,75.06341463,75.56585366,75.76341463,75.56829268,76.06341463,75.81707317,76.06585366,76.3195122,75.4195122,74.06585366,75.86829268,76.77073171,
IBRD only,IBD,"Life expectancy at birth, total (years)",SP.DYN.LE00.IN,68.28696493,68.58471351,68.90437649,69.17275559,69.39840013,69.82651653,70.15012368,70.51424507,70.76244573,71.16021321,71.5021795,71.82703339,72.1637223,72.46344184,72.75109662,73.03301914,73.2594437,73.48601658,73.7952368,74.03159317,73.29542289,71.97452294,74.25156135,74.52096995,
IDA & IBRD total,IBT,"Life expectancy at birth, total (years)",SP.DYN.LE00.IN,65.65609553,65.96676026,66.29368382,66.58690212,66.82383053,67.22473223,67.60148657,67.96608384,68.1835059,68.58711267,68.92583752,69.23488411,69.57336671,69.86875166,70.12059385,70.37189918,70.61427436,70.83116702,71.15332829,71.39427439,70.74915656,69.66825993,71.67792224,72.00082092,
IDA total,IDA,"Life expectancy at birth, total (years)",SP.DYN.LE00.IN,56.40988032,56.87912582,57.34819106,57.84175558,58.22714188,58.64827547,59.31209637,59.79398891,60.02481047,60.5539493,60.9876114,61.34857432,61.78241678,62.14110877,62.36685038,62.61354985,62.99195085,63.27369542,63.73093118,64.08854,63.80227499,63.47737993,64.88229029,65.45352231,
IDA blend,IDB,"Life expectancy at birth, total (years)",SP.DYN.LE00.IN,55.5992723,55.88990645,56.27023553,56.63591263,57.029456,56.99892861,57.70162031,58.06009061,58.41430466,58.75078437,59.05151291,59.36440613,59.63056374,59.86857311,60.0998682,60.29449464,60.57616645,60.81839291,61.07405428,61.32599738,60.81800661,60.87653574,62.12886414,62.46216433,
Indonesia,IDN,"Life expectancy at birth, total (years)",SP.DYN.LE00.IN,66.292,66.583,66.954,67.134,65.521,67.531,67.664,67.914,68.085,68.267,68.364,68.629,68.862,69.064,69.292,69.52,69.733,69.953,70.08,70.349,68.817,67.452,70.925,71.146,
IDA only,IDX,"Life expectancy at birth, total (years)",SP.DYN.LE00.IN,56.84204574,57.40819906,57.92534217,58.4878744,58.87021103,59.53544922,60.17957041,60.73060681,60.89794311,61.53492975,62.04434513,62.43375212,62.96007482,63.38577278,63.60821102,63.88211799,64.31014079,64.6098589,65.1728901,65.58286911,65.41147907,64.87646341,66.36006053,67.05383189,
Isle of Man,IMN,"Life expectancy at birth, total (years)",SP.DYN.LE00.IN,74.842,75.289,75.785,76.319,76.876,77.453,77.971,78.451,78.899,79.303,79.613,79.836,80.007,80.12,80.199,80.267,80.391,80.506,80.614,80.74,80.591,80.42,80.956,80.999,
India,IND,"Life expectancy at birth, total (years)",SP.DYN.LE00.IN,62.749,63.158,63.649,64.086,64.484,64.939,65.373,65.803,66.247,66.7,67.162,67.623,68.076,68.499,68.932,69.326,69.709,70.068,70.415,70.746,70.156,67.282,71.698,72.003,
Not classified,INX,"Life expectancy at birth, total (years)",SP.DYN.LE00.IN,,,,,,,,,,,,,,,,,,,,,,,,,
Ireland,IRL,"Life expectancy at birth, total (years)",SP.DYN.LE00.IN,76.53658537,77.13414634,77.63414634,78.13902439,78.53902439,78.94390244,79.24146341,79.64146341,80.09512195,80.1902439,80.74390244,80.74634146,80.84634146,80.94878049,81.34878049,81.45365854,81.65365854,82.15609756,82.20487805,82.70243902,82.45609756,82.25365854,82.5097561,82.86097561,
"Iran, Islamic Rep.",IRN,"Life expectancy at birth, total (years)",SP.DYN.LE00.IN,70.166,70.619,71.112,70.464,72.04,72.446,72.895,73.299,73.683,74.041,74.39,74.721,75.039,75.349,75.635,75.907,76.155,76.396,76.621,76.855,74.141,73.752,76.799,77.654,
Iraq,IRQ,"Life expectancy at birth, total (years)",SP.DYN.LE00.IN,64.86,65.292,65.724,64.834,64.634,64.899,64.029,64.428,66.465,67.834,68.092,68.435,68.827,69.047,69.679,69.977,68.683,69.788,71.116,71.245,69.651,70.704,72.037,72.324,
Iceland,ISL,"Life expectancy at birth, total (years)",SP.DYN.LE00.IN,79.65365854,80.6902439,80.50243902,80.96341463,80.99756098,81.50243902,81.15853659,81.45365854,81.6097561,81.75121951,81.89756098,82.35853659,82.91707317,82.06097561,82.86097561,82.46829268,82.20487805,82.66097561,82.86097561,83.16341463,83.06341463,83.16585366,82.1195122,82.60731707,
Israel,ISR,"Life expectancy at birth, total (years)",SP.DYN.LE00.IN,78.95365854,79.40731707,79.45121951,79.64878049,80.14634146,80.15121951,80.55365854,80.50487805,80.95121951,81.40487805,81.60243902,81.65609756,81.70487805,82.05609756,82.15365854,82.05121951,82.40731707,82.55121951,82.80243902,82.80487805,82.64878049,82.5,82.7,83.19512195,
Italy,ITA,"Life expectancy at birth, total (years)",SP.DYN.LE00.IN,79.77804878,80.12682927,80.22926829,79.98292683,80.7804878,80.78292683,81.28292683,81.43414634,81.48536585,81.63658537,82.03658537,82.18780488,82.23902439,82.6902439,83.0902439,82.54390244,83.24390244,82.94634146,83.34634146,83.49756098,82.19512195,82.64634146,82.7,83.7,
Jamaica,JAM,"Life expectancy at birth, total (years)",SP.DYN.LE00.IN,71.281,71.287,71.478,71.585,71.542,71.493,71.395,71.405,71.502,71.717,71.979,72.245,72.405,72.435,72.357,72.214,72.052,71.879,71.606,71.532,71.452,69.085,71.481,71.479,
Jordan,JOR,"Life expectancy at birth, total (years)",SP.DYN.LE00.IN,71.926,72.141,72.359,72.585,72.788,72.977,73.225,73.407,73.563,73.707,73.797,73.929,74.087,74.282,74.606,75.06,75.55,76.071,76.491,76.865,75.583,74.204,77.088,77.814,
Japan,JPN,"Life expectancy at birth, total (years)",SP.DYN.LE00.IN,81.07609756,81.41634146,81.69073171,81.76,82.0302439,81.95512195,82.32195122,82.50707317,82.58756098,82.93146341,82.84268293,82.59121951,83.09609756,83.33195122,83.58780488,83.79390244,83.98487805,84.0997561,84.21097561,84.35634146,84.56,84.44560976,83.99634146,84.04121951,
Kazakhstan,KAZ,"Life expectancy at birth, total (years)",SP.DYN.LE00.IN,63.793,64.108,64.441,64.753,65.04,65.356,65.722,66.18,66.759,67.46,68.257,69.108,69.939,70.719,71.415,72.024,72.549,72.996,73.369,73.658,71.195,70.131,73.503,74.402,
Kenya,KEN,"Life expectancy at birth, total (years)",SP.DYN.LE00.IN,56.084,56.501,56.759,57.369,57.947,58.51,59.059,59.407,59.955,60.483,60.915,61.283,61.537,61.729,61.99,62.279,62.526,62.725,62.825,62.939,61.596,61.225,63.549,63.646,
Kyrgyz Republic,KGZ,"Life expectancy at birth, total (years)",SP.DYN.LE00.IN,68.55853659,68.70731707,68.15609756,68.25609756,68.15365854,67.95609756,67.69512195,67.89512195,68.45121951,69.10243902,69.3,69.60243902,70.00243902,70.20243902,70.40243902,70.65121951,70.95121951,71.2,71.4,71.6,71.8,71.9,72.04878049,72.24878049,
Cambodia,KHM,"Life expectancy at birth, total (years)",SP.DYN.LE00.IN,59.491,60.457,61.395,62.345,63.256,64.113,64.886,65.549,66.147,66.747,67.311,67.869,68.371,68.755,69.117,69.398,69.635,69.842,69.993,70.127,70.059,69.301,70.528,70.668,
Kiribati,KIR,"Life expectancy at birth, total (years)",SP.DYN.LE00.IN,64.674,64.918,65.123,65.287,65.416,65.517,65.601,65.677,65.746,65.808,65.859,65.896,65.908,65.898,65.869,65.831,65.799,65.787,65.807,65.866,65.205,64.148,66.269,66.473,
St. Kitts and Nevis,KNA,"Life expectancy at birth, total (years)",SP.DYN.LE00.IN,69.249,69.767,70.194,70.614,70.92,71.151,71.356,71.437,71.479,71.488,71.452,71.4,71.362,71.29,71.228,71.211,71.227,71.284,71.336,71.54,71.181,69.271,70.313,72.145,
"Korea, Rep.",KOR,"Life expectancy at birth, total (years)",SP.DYN.LE00.IN,75.9097561,76.41219512,76.76585366,77.21463415,77.66585366,78.16829268,78.66829268,79.1195122,79.51707317,79.96829268,80.11707317,80.56829268,80.8195122,81.27073171,81.72195122,82.02439024,82.27560976,82.62682927,82.62682927,83.22682927,83.42682927,83.52682927,82.6804878,83.42926829,
Kuwait,KWT,"Life expectancy at birth, total (years)",SP.DYN.LE00.IN,76.22587805,76.38434146,76.53163415,76.64456098,76.72768293,76.80078049,76.88768293,77.01017073,77.18904878,77.43336585,77.72621951,78.0522439,78.39502439,78.74180488,79.08034146,79.37656098,79.67758537,79.91607317,80.10636585,81.9697561,78.76097561,78.73658537,80.58780488,83.18780488,
Latin America & Caribbean (excluding high income),LAC,"Life expectancy at birth, total (years)",SP.DYN.LE00.IN,70.45251832,70.81432762,71.16037688,71.54776239,71.85632588,72.22938071,72.52386532,72.74782193,73.00040081,73.18454338,73.11903098,73.6885627,73.94990642,74.1693475,74.37705231,74.55539557,74.53064608,74.70065344,74.8906731,75.05135246,72.87592173,71.43770164,74.48972626,75.49860133,
Lao PDR,LAO,"Life expectancy at birth, total (years)",SP.DYN.LE00.IN,58.317,58.887,59.302,59.643,60.08,60.688,61.074,61.694,62.248,63.023,63.69,64.505,65.126,65.723,66.35,66.688,67.014,67.345,67.594,67.911,68.339,67.807,68.715,68.964,
Lebanon,LBN,"Life expectancy at birth, total (years)",SP.DYN.LE00.IN,73.895,74.354,74.836,75.275,75.693,76.074,75.677,76.732,76.956,77.262,77.529,77.768,77.941,78.037,78.148,78.275,78.306,78.192,78.263,78.208,76.299,73.65,78.003,77.817,
Liberia,LBR,"Life expectancy at birth, total (years)",SP.DYN.LE00.IN,51.852,53.109,54.061,53.045,55.949,56.765,57.495,58.147,58.675,59.106,59.358,59.486,59.785,59.992,59.21,59.248,60.483,60.777,60.999,61.232,61.267,61.166,61.934,62.163,
Libya,LBY,"Life expectancy at birth, total (years)",SP.DYN.LE00.IN,70.542,70.653,70.788,70.996,71.21,71.439,71.632,71.788,71.936,72.071,72.196,69.95,72.188,72.339,71.3,71.644,71.799,72.721,73.151,72.941,72.388,72.062,74.462,69.339,
St. Lucia,LCA,"Life expectancy at birth, total (years)",SP.DYN.LE00.IN,70.779,71.367,71.707,72.188,72.453,72.544,72.794,72.86,72.963,72.946,72.768,72.962,72.86,72.687,72.676,72.932,72.552,72.522,72.655,72.249,72.308,69.119,72.67,72.697,
Latin America & Caribbean,LCN,"Life expectancy at birth, total (years)",SP.DYN.LE00.IN,70.8691415,71.15054649,71.5629005,71.87830846,72.2038232,72.56381438,72.83322667,73.05932988,73.25614041,73.44226233,73.40932278,73.9248923,74.16439437,74.38097727,74.56083487,74.74322219,74.67748488,74.83180879,75.0527172,75.20425987,73.18893402,71.8141668,74.64719894,75.64352933,
Least developed countries: UN classification,LDC,"Life expectancy at birth, total (years)",SP.DYN.LE00.IN,55.40080396,55.985067,56.53412286,57.17323029,57.70993478,58.30855034,59.01522079,59.61211981,59.81180113,60.57242371,61.04089222,61.5004569,62.22543924,62.72335261,62.9592573,63.30490026,63.72372707,64.03397552,64.60227577,64.97245344,64.83235854,64.26734233,65.76318576,66.51610026,
Low income,LIC,"Life expectancy at birth, total (years)",SP.DYN.LE00.IN,54.14305442,54.66810388,55.12125627,56.22351122,56.65275939,57.19189328,57.94033448,58.51188011,59.00602587,59.19166498,59.92566378,59.86511463,60.43455558,60.86561564,60.83781943,60.9921347,61.40169383,61.57950839,62.33998764,62.79744652,62.8180995,62.37998872,63.45831028,64.51789579,
Liechtenstein,LIE,"Life expectancy at birth, total (years)",SP.DYN.LE00.IN,76.82682927,79.27560976,79.63658537,79.96097561,81.77073171,80.66829268,80.94878049,81.29512195,82.68292683,81.5,81.84146341,81.79268293,82.38292683,82.26097561,82.07317073,82.65609756,82.25853659,83.74634146,83.04146341,84.16097561,81.65853659,84.40243902,84.12195122,84.84146341,
Sri Lanka,LKA,"Life expectancy at birth, total (years)",SP.DYN.LE00.IN,71.179,71.804,72.271,72.442,68.022,73.073,72.825,72.983,72.556,70.298,74.463,74.74,75.187,75.546,75.757,75.99,76.136,76.239,76.485,76.698,76.928,76.278,77.3,77.483,
Lower middle income,LMC,"Life expectancy at birth, total (years)",SP.DYN.LE00.IN,61.74640721,62.12669776,62.55951716,62.97522031,63.30166753,63.67450352,64.10418117,64.48726724,64.73654436,65.20954842,65.5543981,65.99150652,66.36026612,66.69665802,67.03943977,67.3495072,67.6791939,67.99529154,68.28100336,68.55742563,68.04035634,66.3662903,69.30109468,69.59637466,
Low & middle income,LMY,"Life expectancy at birth, total (years)",SP.DYN.LE00.IN,65.67150365,66.00245206,66.34144145,66.69140306,66.91047224,67.32299743,67.67338863,68.01744364,68.22553211,68.6163518,68.95478774,69.24346337,69.58233058,69.86909889,70.11968756,70.36770528,70.6061842,70.80829052,71.13450107,71.36985561,70.74868001,69.67178439,71.68528188,71.97400488,
Lesotho,LSO,"Life expectancy at birth, total (years)",SP.DYN.LE00.IN,48.783,47.153,45.95,44.921,44.039,43.611,43.182,43.66,44.304,45.055,46.045,46.93,48.235,49.547,50.786,51.83,52.908,53.874,54.638,55.249,55.133,54.209,56.812,57.375,
Late-demographic dividend,LTE,"Life expectancy at birth, total (years)",SP.DYN.LE00.IN,71.28530769,71.62749333,71.92757182,72.34204033,72.6223085,73.00721415,73.38173634,73.7749281,73.92526336,74.34816013,74.71082093,74.99999629,75.29941492,75.57913343,75.82410282,76.07638398,76.29309285,76.41767887,76.77842572,76.99826684,76.69371478,76.30608833,76.95458025,77.13012054,
Lithuania,LTU,"Life expectancy at birth, total (years)",SP.DYN.LE00.IN,72.0195122,71.65853659,71.76097561,72.06097561,71.96097561,71.25365854,71.05609756,70.9,71.81219512,72.91463415,73.26829268,73.56341463,73.86341463,73.91463415,74.51707317,74.32195122,74.67073171,75.4804878,75.6804878,76.28292683,75.02926829,74.03658537,75.64390244,76.98780488,
Luxembourg,LUX,"Life expectancy at birth, total (years)",SP.DYN.LE00.IN,77.87317073,77.82439024,77.96585366,77.72682927,79.12195122,79.43170732,79.28780488,79.38292683,80.53902439,80.63658537,80.63170732,80.98780488,81.39268293,81.8,82.22926829,82.29268293,82.68536585,82.09512195,82.29512195,82.63902439,82.14390244,82.59756098,82.94634146,83.35853659,
Latvia,LVA,"Life expectancy at birth, total (years)",SP.DYN.LE00.IN,70.31463415,70.76097561,70.96097561,71.26585366,72.02682927,71.35609756,70.86585366,71.0195122,72.4195122,73.0804878,73.48292683,73.57560976,73.77804878,73.98292683,74.12439024,74.4804878,74.5804878,74.62926829,74.78292683,75.38780488,75.18536585,72.9804878,74.27804878,75.67804878,
"Macao SAR, China",MAC,"Life expectancy at birth, total (years)",SP.DYN.LE00.IN,80.18292683,80.58780488,80.94634146,81.04390244,80.99268293,81.34146341,81.72926829,81.72926829,82.02682927,82.17560976,82.27317073,82.47073171,82.47073171,82.72195122,83.02195122,83.22439024,83.27560976,83.52682927,83.67804878,83.92926829,84.12926829,83.72926829,83.0804878,83.1804878,
St. Martin (French part),MAF,"Life expectancy at birth, total (years)",SP.DYN.LE00.IN,76.793,77.009,77.219,77.419,77.612,77.802,77.989,78.16,78.326,78.513,78.752,79.016,79.302,79.528,79.727,79.829,79.885,78.762,80.029,80.078,80.085,80.206,80.236,80.224,
Morocco,MAR,"Life expectancy at birth, total (years)",SP.DYN.LE00.IN,66.794,67.2,67.582,67.958,68.272,68.748,69.157,69.62,70.051,70.454,70.821,71.263,71.674,72.117,72.522,72.894,73.228,73.608,73.946,74.245,73.133,73.385,75.161,75.313,
Monaco,MCO,"Life expectancy at birth, total (years)",SP.DYN.LE00.IN,82.121,82.485,83.055,83.613,84.151,84.34,84.194,83.903,83.827,84.187,84.644,85.01,85.045,85.056,85.093,85.323,85.63,85.878,86.084,86.151,86.089,85.113,85.746,86.372,
Moldova,MDA,"Life expectancy at birth, total (years)",SP.DYN.LE00.IN,67.462,67.672,67.793,67.9,68.017,68.197,68.423,68.674,69,69.406,69.876,70.173,70.344,70.291,70.241,70.118,70.179,70.375,70.236,70.181,69.914,68.991,71.546,71.198,
Madagascar,MDG,"Life expectancy at birth, total (years)",SP.DYN.LE00.IN,57.974,58.674,59.17,59.693,60.168,60.664,61.14,61.533,61.992,62.304,62.597,62.86,63.007,63.161,63.261,63.362,63.431,63.433,63.491,63.504,62.706,62.516,63.068,63.632,
Maldives,MDV,"Life expectancy at birth, total (years)",SP.DYN.LE00.IN,70.892,71.659,72.36,73.263,73.008,74.785,75.256,75.711,75.999,76.371,76.756,77.141,77.512,77.847,78.187,78.607,78.913,79.228,79.433,79.707,78.713,78.052,80.76,81.041,
"Middle East, North Africa, Afghanistan & Pakistan",MEA,"Life expectancy at birth, total (years)",SP.DYN.LE00.IN,66.22251382,66.59719612,66.96414799,67.08379406,67.53184346,67.52994702,68.0590797,68.34658832,68.70416508,68.99872131,69.2105447,69.39403007,69.45512501,69.70834025,69.98988301,70.15110492,70.42892781,70.70975753,70.94032135,71.2438695,69.91107896,69.71131935,71.69183197,72.08394124,
Mexico,MEX,"Life expectancy at birth, total (years)",SP.DYN.LE00.IN,72.562,72.912,73.106,73.308,73.432,73.627,73.746,73.796,73.695,73.628,73.718,73.921,74.128,74.289,74.404,74.431,74.376,74.261,74.301,74.53,70.449,69.75,73.973,75.069,
Marshall Islands,MHL,"Life expectancy at birth, total (years)",SP.DYN.LE00.IN,63.323,63.735,63.848,63.956,64.044,64.112,64.207,64.259,64.3,64.395,64.498,64.641,64.776,64.954,65.11,65.292,65.477,65.673,65.87,66.047,65.387,65.421,66.725,66.945,
Middle income,MIC,"Life expectancy at birth, total (years)",SP.DYN.LE00.IN,66.49968943,66.82634758,67.16952401,67.47644117,67.69123164,68.1061163,68.43859178,68.77740998,68.97444472,69.39415466,69.71168565,70.04176253,70.371958,70.65585397,70.9403713,71.20726423,71.44242412,71.65997567,71.96013269,72.18963241,71.52145539,70.39571078,72.51755067,72.74319387,
North Macedonia,MKD,"Life expectancy at birth, total (years)",SP.DYN.LE00.IN,72.94634146,73.43658537,73.03902439,73.24146341,73.59756098,73.69756098,73.89512195,73.8,74.4,74.44634146,74.99756098,75.1,74.90243902,75.4,75.45121951,75.40243902,75.4,75.95365854,76.64878049,76.60243902,74.39512195,73.24634146,74.42487805,75.31609756,
Mali,MLI,"Life expectancy at birth, total (years)",SP.DYN.LE00.IN,50.605,51.3,51.995,52.632,53.253,53.792,54.305,54.756,55.187,55.588,55.993,56.367,56.696,57.052,57.482,57.852,58.286,58.562,58.873,59.217,58.858,59.116,60.035,60.439,
Malta,MLT,"Life expectancy at birth, total (years)",SP.DYN.LE00.IN,78.34878049,78.84390244,78.73902439,78.54634146,79.25365854,79.3,79.43902439,79.79268293,79.63658537,80.24146341,81.39756098,80.74634146,80.74634146,81.74634146,82.04634146,81.89756098,82.45365854,82.34634146,82.24878049,82.65853659,82.09756098,82.25853659,82.44878049,83.50731707,
Myanmar,MMR,"Life expectancy at birth, total (years)",SP.DYN.LE00.IN,60.357,60.64,60.925,61.196,61.443,61.72,62.026,62.367,56.364,63.095,63.479,63.859,64.251,64.617,64.994,65.288,65.64,65.909,66.232,66.457,66.612,65.553,66.506,66.889,
"Middle East, North Africa, Afghanistan & Pakistan (excluding high income)",MNA,"Life expectancy at birth, total (years)",SP.DYN.LE00.IN,65.63684715,65.99520737,66.35293237,66.44555273,66.88735376,66.85340261,67.38152403,67.6503604,67.99106602,68.27445467,68.49125051,68.66240951,68.69133104,68.91363004,69.17155584,69.28732636,69.53283764,69.81413164,70.0733669,70.41748459,69.05063429,68.92802148,71.00553154,71.27588499,
Montenegro,MNE,"Life expectancy at birth, total (years)",SP.DYN.LE00.IN,73.39680488,73.58019512,73.96521951,74.05573171,74.20560976,73.98292683,73.83902439,74.33902439,75.13658537,75.14390244,75.9902439,76.08292683,76.3,76.4902439,76.33902439,76.60243902,76.54146341,76.68536585,77.88536585,76.68292683,75.93170732,73.82439024,76.18780488,77.58780488,
Mongolia,MNG,"Life expectancy at birth, total (years)",SP.DYN.LE00.IN,63.2104878,63.39170732,63.5402439,63.57536585,64.6302439,65.28073171,65.90219512,66.59341463,67.24609756,67.96902439,68.50560976,69.10926829,69.5002439,70.09804878,70.58317073,70.8102439,70.22390244,70.54341463,70.82707317,71.05317073,71.34902439,71.64512195,71.90073171,72.12243902,
Northern Mariana Islands,MNP,"Life expectancy at birth, total (years)",SP.DYN.LE00.IN,74.9,75.419,75.934,76.505,76.789,77.307,77.688,77.863,77.938,77.903,77.8,77.688,77.566,77.452,77.377,77.36,77.392,77.47,77.51,77.844,78.03,78.16,78.531,78.808,
Mozambique,MOZ,"Life expectancy at birth, total (years)",SP.DYN.LE00.IN,49.476,50.259,50.879,51.383,51.855,52.322,52.748,53.255,53.799,54.4,55.04,55.733,56.46,57.189,57.965,58.711,59.455,60.148,60.79,61.306,61.39,60.268,63.011,63.611,
Mauritania,MRT,"Life expectancy at birth, total (years)",SP.DYN.LE00.IN,61.044,61.662,62.249,62.805,63.369,63.92,64.493,64.885,65.233,65.485,65.661,65.754,65.808,65.89,66.207,66.498,66.823,67.088,67.419,67.64,66.794,66.762,68.281,68.484,
Mauritius,MUS,"Life expectancy at birth, total (years)",SP.DYN.LE00.IN,71.66341463,71.76585366,71.96585366,72.11707317,72.26585366,72.43219512,72.43219512,72.57073171,72.57073171,72.88243902,72.96731707,73.26682927,73.86341463,74.01707317,74.19439024,74.35317073,74.39487805,74.51463415,74.41634146,74.23585366,74.17707317,73.6802439,73.51463415,73.41219512,
Malawi,MWI,"Life expectancy at birth, total (years)",SP.DYN.LE00.IN,46.17,47.205,48.176,49.601,51.073,52.469,53.652,54.687,55.715,56.714,57.787,58.859,59.87,60.816,61.651,62.324,63.163,63.914,64.464,64.995,65.216,64.782,66.037,67.353,
Malaysia,MYS,"Life expectancy at birth, total (years)",SP.DYN.LE00.IN,72.732,73.08,73.469,73.727,74.027,74.37,74.697,74.961,75.151,75.269,75.376,75.488,75.552,75.464,75.345,75.288,75.371,75.542,75.734,75.9,76.057,73.917,75.444,76.657,
North America,NAC,"Life expectancy at birth, total (years)",SP.DYN.LE00.IN,76.88503324,77.08834853,77.19193588,77.30027968,77.73433754,77.74623829,77.96904029,78.23953315,78.30385925,78.65471284,78.8169547,78.92343235,79.03222533,79.04112959,79.13565535,79.00362547,78.88001038,78.86880362,78.96079607,79.13341344,77.44980998,76.86576789,77.83276796,78.73282137,
Namibia,NAM,"Life expectancy at birth, total (years)",SP.DYN.LE00.IN,52.946,51.98,51.988,51.918,52.175,52.557,53.183,54.026,54.74,55.347,56.093,56.647,57.733,58.468,59.311,60.008,60.81,61.661,62.579,63.546,64.071,60.85,64.19,67.385,
New Caledonia,NCL,"Life expectancy at birth, total (years)",SP.DYN.LE00.IN,73.574,73.958,74.278,74.5,74.713,74.867,75.016,75.181,75.398,75.676,75.992,76.315,76.615,76.867,77.053,77.206,77.359,77.504,77.557,77.262,77.049,77.113,77.698,78.766,
Niger,NER,"Life expectancy at birth, total (years)",SP.DYN.LE00.IN,49.172,49.872,50.645,51.545,52.402,53.32,54.223,55.063,55.852,56.487,57.08,57.6,57.987,58.364,58.693,58.85,59.228,59.524,59.765,60.031,59.89,59.542,60.398,61.183,
Nigeria,NGA,"Life expectancy at birth, total (years)",SP.DYN.LE00.IN,47.143,47.549,48.02,48.618,49.148,49.538,49.876,50.381,50.748,51.08,51.315,51.49,51.688,51.827,51.94,51.939,52.189,52.397,52.669,53.009,53.072,53.455,54.079,54.462,
Nicaragua,NIC,"Life expectancy at birth, total (years)",SP.DYN.LE00.IN,66.36,67.028,67.95,68.749,69.51,70.374,70.958,71.197,71.404,71.499,71.761,72.033,72.435,72.551,72.792,72.899,73.18,73.389,73.879,73.764,70.766,70.478,74.463,74.947,
Netherlands,NLD,"Life expectancy at birth, total (years)",SP.DYN.LE00.IN,77.98780488,78.1902439,78.29268293,78.49268293,79.09512195,79.34634146,79.69756098,80.09756098,80.25121951,80.54878049,80.70243902,81.20487805,81.10487805,81.30487805,81.70731707,81.5097561,81.56097561,81.76097561,81.81219512,82.11219512,81.35853659,81.3097561,81.61463415,81.91463415,
Norway,NOR,"Life expectancy at birth, total (years)",SP.DYN.LE00.IN,78.63414634,78.78536585,78.98780488,79.3902439,79.84146341,80.04146341,80.34390244,80.39512195,80.59268293,80.79512195,80.99756098,81.29512195,81.45121951,81.75121951,82.1,82.30487805,82.40731707,82.6097561,82.75853659,82.95853659,83.2097561,83.16341463,82.5097561,83.11219512,
Nepal,NPL,"Life expectancy at birth, total (years)",SP.DYN.LE00.IN,62.642,63.288,63.507,64.229,64.744,65.275,65.891,66.169,66.442,66.6,66.772,67.123,67.364,67.598,67.812,67.374,68.444,68.74,69.036,69.299,69.106,68.385,70.087,70.354,
Nauru,NRU,"Life expectancy at birth, total (years)",SP.DYN.LE00.IN,59.574,59.482,59.427,59.359,59.346,59.361,59.409,59.49,59.675,59.852,60.074,60.287,60.533,60.701,60.834,60.897,60.996,61.101,61.238,61.393,61.527,61.331,61.93,62.109,
New Zealand,NZL,"Life expectancy at birth, total (years)",SP.DYN.LE00.IN,78.63658537,78.69268293,78.84634146,79.14634146,79.54878049,79.85121951,80.04878049,80.15121951,80.35121951,80.70243902,80.90487805,81.15609756,81.40731707,81.40487805,81.45682927,81.61243902,81.65853659,81.85853659,81.70731707,82.05609756,82.25609756,82.20731707,81.95853659,83.00487805,
OECD members,OED,"Life expectancy at birth, total (years)",SP.DYN.LE00.IN,76.8195166,77.12074661,77.28336069,77.42603555,77.82614059,77.95398715,78.25013523,78.47294548,78.61463324,78.86705896,79.04730085,79.26859387,79.42988598,79.62492762,79.8766519,79.76194769,79.89142269,79.93105837,80.02817111,80.24507772,78.95804796,78.58862176,79.52156846,80.1615573,
Oman,OMN,"Life expectancy at birth, total (years)",SP.DYN.LE00.IN,73.643,73.979,74.276,74.521,74.82,75.07,75.354,75.596,76.124,76.631,77.184,77.74,78.187,78.633,79.03,79.346,79.581,79.748,79.864,79.946,77.763,75.969,77.911,80.031,
Other small states,OSS,"Life expectancy at birth, total (years)",SP.DYN.LE00.IN,66.43853654,66.61294993,66.81059934,67.00730813,67.2249688,67.55748405,67.83109579,68.16999016,68.5798273,69.06870042,69.56652484,69.93734369,70.39203181,70.80407901,71.09981622,71.47958306,71.77456905,72.12376582,72.42178504,72.65701164,72.50970978,71.76997193,72.90492487,73.56469451,
Pakistan,PAK,"Life expectancy at birth, total (years)",SP.DYN.LE00.IN,61.903,62.241,62.556,62.834,63.097,62.416,63.624,63.807,64.002,64.206,64.378,64.659,64.883,65.129,65.374,65.641,65.943,66.223,66.481,66.729,65.701,65.773,67.417,67.649,
Panama,PAN,"Life expectancy at birth, total (years)",SP.DYN.LE00.IN,73.443,73.82,74.195,74.567,74.845,75.16,75.429,75.675,75.937,76.228,76.417,76.659,76.877,77.129,77.365,77.583,77.772,77.901,78.266,78.514,76.33,77.004,79.324,79.594,
Peru,PER,"Life expectancy at birth, total (years)",SP.DYN.LE00.IN,69.821,70.315,70.815,71.278,71.447,71.988,72.337,72.746,72.743,72.631,72.886,73.327,73.979,74.591,75.26,75.732,75.951,75.958,76.018,76.275,73.832,71.596,76.834,77.74,
Philippines,PHL,"Life expectancy at birth, total (years)",SP.DYN.LE00.IN,67.789,67.829,67.886,68.049,68.301,68.423,68.172,68.549,68.643,68.631,68.883,69.096,69.237,69.283,69.311,69.45,69.49,69.966,69.761,69.68,70.097,66.675,69.472,69.833,
Palau,PLW,"Life expectancy at birth, total (years)",SP.DYN.LE00.IN,64.499,64.8,65.076,65.446,65.816,66.219,66.633,67.113,67.562,67.99,68.347,68.638,68.863,68.981,69.062,69.07,69.046,69.019,68.989,68.982,68.689,68.563,68.922,69.269,
Papua New Guinea,PNG,"Life expectancy at birth, total (years)",SP.DYN.LE00.IN,61.609,61.647,61.643,61.741,61.795,61.868,62.018,62.211,62.511,62.772,63.056,63.382,63.639,63.927,64.198,64.473,64.7,64.923,65.114,65.331,65.075,64.358,65.274,66.134,
Poland,POL,"Life expectancy at birth, total (years)",SP.DYN.LE00.IN,73.74878049,74.2,74.49756098,74.59756098,74.84634146,74.99512195,75.14390244,75.24390244,75.54390244,75.69512195,76.24634146,76.69512195,76.74634146,77,77.60243902,77.45121951,77.85121951,77.75365854,77.60243902,77.90487805,76.4,75.35121951,77.15609756,78.50731707,
Pre-demographic dividend,PRE,"Life expectancy at birth, total (years)",SP.DYN.LE00.IN,51.75154783,52.25215724,52.74239739,53.29390358,53.80001826,54.36598438,54.97192473,55.55076813,56.1357406,56.50933908,57.12199836,57.31185332,58.01534624,58.45036312,58.60865882,58.9362665,59.23635624,59.54023507,60.20747248,60.5568009,60.501207,60.27525051,61.383288,62.16362989,
Puerto Rico (US),PRI,"Life expectancy at birth, total (years)",SP.DYN.LE00.IN,75.514,75.972,76.819,76.941,76.913,76.703,77.561,77.659,78.111,78.377,78.717,78.766,79.258,80.318,80.039,80.677,80.355,79.07,81.086,81.438,80.009,79.77,79.427,81.69,
"Korea, Dem. People's Rep.",PRK,"Life expectancy at birth, total (years)",SP.DYN.LE00.IN,60.911,60.893,60.877,69.399,69.294,69.168,69.061,69.021,69.303,69.702,70.246,70.772,71.317,71.867,72.451,72.825,72.971,73.034,73.02,72.928,72.783,73.437,73.641,73.642,
Portugal,PRT,"Life expectancy at birth, total (years)",SP.DYN.LE00.IN,76.31463415,76.81463415,77.06585366,77.2195122,77.67073171,78.07073171,78.4195122,78.32195122,78.52439024,78.72682927,79.02682927,80.47073171,80.37317073,80.72195122,81.12195122,81.12439024,81.12439024,81.42439024,81.32439024,81.67560976,81.32926829,81.37804878,81.63170732,82.2804878,
Paraguay,PRY,"Life expectancy at birth, total (years)",SP.DYN.LE00.IN,70.026,70.281,70.539,70.795,71.054,71.317,71.584,71.817,72.047,72.282,72.551,72.787,73.105,73.292,73.415,73.454,73.487,73.45,73.627,73.668,72.72,68.108,72.319,73.844,
West Bank and Gaza,PSE,"Life expectancy at birth, total (years)",SP.DYN.LE00.IN,70.298,69.75,70.88,70.967,71.094,72.004,71.831,72.064,72.204,72.306,73.302,73.557,73.722,74.14,72.781,74.577,74.917,75.216,75.38,75.811,74.998,73.89,76.662,65.17,
Pacific island small states,PSS,"Life expectancy at birth, total (years)",SP.DYN.LE00.IN,66.89148328,67.01672433,66.75848246,66.95992975,67.10381696,67.23327941,67.35770491,67.36683795,67.5747311,67.4527929,67.90591719,68.02228102,67.66605323,68.00546256,68.03761321,68.1166096,68.28565086,68.5192875,68.58258879,68.64215783,68.35681088,67.48102092,69.1004349,69.2745949,
Post-demographic dividend,PST,"Life expectancy at birth, total (years)",SP.DYN.LE00.IN,77.35137565,77.63406986,77.77184259,77.887348,78.30706903,78.41088426,78.72914981,78.98051733,79.14562406,79.46840415,79.67854055,79.94438247,80.08871097,80.27344157,80.53904546,80.44009973,80.61124115,80.66505538,80.74428266,80.97009334,80.06591407,79.79558155,80.19785321,80.82283464,
French Polynesia,PYF,"Life expectancy at birth, total (years)",SP.DYN.LE00.IN,79,79.316,79.544,79.71,79.829,79.951,80.1,80.328,80.587,80.867,81.141,81.434,81.695,81.935,82.151,82.339,82.555,82.774,82.985,83.195,82.459,79.571,83.859,84.07,
Qatar,QAT,"Life expectancy at birth, total (years)",SP.DYN.LE00.IN,75.25,75.486,75.766,76.097,76.484,76.909,77.323,77.741,78.262,78.837,79.444,79.994,80.499,80.974,81.395,81.785,82.147,82.458,82.714,82.945,80.409,81.083,81.857,82.368,
Romania,ROU,"Life expectancy at birth, total (years)",SP.DYN.LE00.IN,71.16341463,71.16097561,71.0097561,71.3097561,71.56097561,71.91219512,72.16341463,72.56585366,72.56585366,73.3097561,73.45853659,74.4097561,74.41219512,75.06341463,74.9097561,74.91219512,75.2097561,75.2097561,75.35853659,75.60731707,74.25365854,72.8097561,75.15365854,76.60731707,
Russian Federation,RUS,"Life expectancy at birth, total (years)",SP.DYN.LE00.IN,65.48365854,65.38341463,65.12878049,65.02756098,65.47097561,65.5297561,66.72756098,67.58682927,67.94926829,68.68463415,68.84121951,69.68390244,70.07219512,70.57878049,70.74365854,71.18341463,71.65121951,72.45146341,72.66219512,73.08390244,71.33878049,69.9002439,72.54560976,73.25463415,
Rwanda,RWA,"Life expectancy at birth, total (years)",SP.DYN.LE00.IN,47.798,49.49,51.262,53.529,55.52,56.968,58.342,59.504,60.641,61.813,62.804,63.476,64.189,64.651,65.088,65.419,65.733,66.14,66.354,66.691,66.953,66.85,67.528,67.785,
South Asia,SAS,"Life expectancy at birth, total (years)",SP.DYN.LE00.IN,62.80363052,63.26211064,63.7751981,64.24083033,64.59116107,65.13159664,65.56910202,65.98902297,66.43141164,66.84109705,67.35250684,67.81083948,68.26296153,68.68532883,69.12085635,69.51103341,69.91847071,70.29047234,70.6523574,70.99756231,70.3622207,67.82152998,72.01157313,72.32476488,
Saudi Arabia,SAU,"Life expectancy at birth, total (years)",SP.DYN.LE00.IN,72.607,72.951,73.296,73.657,74.027,74.4,74.762,75.066,75.301,75.447,75.616,75.808,76.09,76.517,77.116,77.776,78.354,78.721,78.75,78.313,77.596,77.089,77.31,78.732,
Sudan,SDN,"Life expectancy at birth, total (years)",SP.DYN.LE00.IN,58.946,59.264,59.308,58.319,56.773,57.226,60.4,61.442,61.261,62.676,62.979,63.181,63.427,63.443,63.99,64.375,64.677,65.146,65.501,65.803,65.124,64.46,65.695,66.331,
Senegal,SEN,"Life expectancy at birth, total (years)",SP.DYN.LE00.IN,57.615,58.158,58.912,59.474,60.308,60.98,61.801,62.653,63.201,63.751,64.221,64.799,65.229,65.638,66.001,66.451,66.724,67.059,67.379,67.668,67.496,66.868,67.788,68.683,
Singapore,SGP,"Life expectancy at birth, total (years)",SP.DYN.LE00.IN,77.95121951,78.25121951,78.55121951,79.03902439,79.4902439,79.9902439,80.14146341,80.44146341,80.7902439,81.24146341,81.54146341,81.74390244,81.99512195,82.24634146,82.49512195,82.74390244,82.84634146,83.09512195,83.29756098,83.59512195,83.54390244,83.09268293,82.89512195,82.89512195,
Solomon Islands,SLB,"Life expectancy at birth, total (years)",SP.DYN.LE00.IN,67.116,67.237,67.35,67.479,67.628,67.79,67.968,67.845,68.336,68.397,68.669,68.824,68.961,69.007,68.984,69.323,69.501,69.652,69.806,69.981,69.258,68.89,70.409,70.528,
Sierra Leone,SLE,"Life expectancy at birth, total (years)",SP.DYN.LE00.IN,44.834,45.448,46.174,46.784,47.485,48.306,49.547,50.024,50.693,51.312,51.927,52.594,53.159,54.051,54.281,55.454,56.937,57.761,59.059,59.593,59.694,60.26,61.275,61.786,
El Salvador,SLV,"Life expectancy at birth, total (years)",SP.DYN.LE00.IN,67.711,67.965,68.526,68.792,69.295,69.336,69.612,69.82,70.138,70.359,70.909,71.192,71.42,71.225,71.144,70.952,70.908,71.007,71.384,71.725,70.244,69.941,71.969,72.099,
San Marino,SMR,"Life expectancy at birth, total (years)",SP.DYN.LE00.IN,80.504,80.803,81.061,81.33,81.592,81.926,82.258,82.605,82.894,83.224,83.464,83.713,83.943,84.175,84.394,84.596,84.775,84.933,85.095,85.257,82.65,83.539,85.708,85.706,
"Somalia, Fed. Rep.",SOM,"Life expectancy at birth, total (years)",SP.DYN.LE00.IN,50.747,50.829,50.82,50.721,50.685,50.894,50.915,50.885,51.456,52.101,48.9,32.453,49.138,54.016,54.442,55.056,55.283,52.19,54.767,57.249,57.095,55.703,53.931,58.816,
Serbia,SRB,"Life expectancy at birth, total (years)",SP.DYN.LE00.IN,71.58292683,72.23414634,72.28536585,72.43658537,72.68292683,72.83414634,73.38536585,73.63170732,73.88536585,73.98536585,74.33658537,74.53658537,74.83658537,75.18536585,75.33658537,75.28780488,75.68780488,75.53902439,75.8902439,75.93658537,74.47804878,72.7804878,75.23658537,76.22097561,
Sub-Saharan Africa (excluding high income),SSA,"Life expectancy at birth, total (years)",SP.DYN.LE00.IN,51.72651756,52.04611936,52.38513237,52.81959337,53.30081706,53.83850601,54.49711534,55.11505278,55.6778747,56.10204328,56.81227329,57.1199263,57.86372756,58.32811022,58.53969636,58.92445694,59.31994339,59.63671159,60.25826104,60.60659129,60.62222943,60.17747465,61.2833536,62.06547988,
South Sudan,SSD,"Life expectancy at birth, total (years)",SP.DYN.LE00.IN,47.591,48.55,49.394,52.324,53.052,53.965,54.653,55.425,56.28,56.848,57.485,57.674,58.241,58.285,45.625,39.757,36.72,35.351,51.905,58.129,57.648,57.047,57.203,57.617,
Sub-Saharan Africa,SSF,"Life expectancy at birth, total (years)",SP.DYN.LE00.IN,51.64524456,51.98718524,52.35739431,52.82737581,53.34646131,53.89326974,54.59012583,55.26332456,55.88731425,56.36796304,57.10706045,57.47344184,58.22811901,58.71796043,58.98557239,59.39872147,59.8121002,60.15840153,60.76672751,61.12932184,61.16752708,60.70343637,61.85717959,62.60291349,
Small states,SST,"Life expectancy at birth, total (years)",SP.DYN.LE00.IN,66.98810184,67.17513971,67.32053304,67.5137797,67.73446458,68.01842202,68.2773677,68.57611184,68.92081923,69.27067975,69.69331189,70.00143757,70.27259592,70.61569802,70.85361544,71.1242805,71.37598503,71.65561941,71.86407356,72.00096073,71.82555528,70.77568259,72.37946786,72.90071976,
Sao Tome and Principe,STP,"Life expectancy at birth, total (years)",SP.DYN.LE00.IN,61.207,61.5,61.826,62.158,62.56,62.434,63.041,63.336,63.448,63.669,63.867,64.122,64.505,64.93,65.478,66.023,66.563,67.074,67.602,68.043,67.979,68.026,69.237,69.718,
Suriname,SUR,"Life expectancy at birth, total (years)",SP.DYN.LE00.IN,64.409,64.82,65.274,65.778,66.362,66.997,67.643,68.307,68.873,69.323,69.626,69.82,69.957,70.11,70.33,70.567,70.979,71.247,71.468,71.773,72.321,68.943,73.254,73.631,
Slovak Republic,SVK,"Life expectancy at birth, total (years)",SP.DYN.LE00.IN,73.05121951,73.40243902,73.60487805,73.60487805,73.95853659,73.90487805,74.20487805,74.20731707,74.70487805,74.9097561,75.11219512,75.95853659,76.1097561,76.41219512,76.81219512,76.56341463,77.16585366,77.16585366,77.26585366,77.66585366,76.86585366,74.61463415,76.96585366,78.01707317,
Slovenia,SVN,"Life expectancy at birth, total (years)",SP.DYN.LE00.IN,75.41219512,75.75853659,76.00731707,76.85853659,77.20731707,77.61219512,78.08658537,78.56097561,78.76585366,78.97073171,79.42195122,79.97073171,80.12439024,80.32195122,81.07804878,80.77560976,81.17560976,81.02926829,81.37804878,81.52926829,80.53170732,80.67560976,81.28292683,81.97804878,
Sweden,SWE,"Life expectancy at birth, total (years)",SP.DYN.LE00.IN,79.64390244,79.79512195,79.84634146,80.09512195,80.49756098,80.54634146,80.74878049,80.9,81.1,81.35121951,81.45121951,81.80243902,81.70487805,81.95609756,82.25365854,82.20487805,82.30731707,82.4097561,82.55853659,83.1097561,82.35609756,83.05609756,83.05853659,83.3097561,
Eswatini,SWZ,"Life expectancy at birth, total (years)",SP.DYN.LE00.IN,47.627,46.344,45.38,44.632,43.906,43.958,44.563,45.16,45.853,46.913,48.331,49.057,50.714,52.11,53.491,54.941,56.228,57.574,58.707,59.85,59.862,58.228,63.028,64.123,
Sint Maarten (Dutch part),SXM,"Life expectancy at birth, total (years)",SP.DYN.LE00.IN,74.409,74.525,74.585,74.588,74.618,74.681,74.779,74.812,74.852,74.796,74.821,74.868,75.125,75.391,75.735,75.899,75.952,75.455,75.693,75.68,75.002,74.505,76.18,76.371,
Seychelles,SYC,"Life expectancy at birth, total (years)",SP.DYN.LE00.IN,72.77804878,73.25365854,71.08780488,71.02926829,72.66097561,72.13170732,72.21707317,73.14390244,73.16341463,73.08292683,73.19756098,72.72439024,74.27560976,73.1195122,73.22926829,74.29512195,74.3097561,74.3,72.84146341,74.04634146,77.23658537,73.39756098,73.70243902,74.95853659,
Syrian Arab Republic,SYR,"Life expectancy at birth, total (years)",SP.DYN.LE00.IN,70.856,71.296,71.742,72.188,72.494,72.797,73.04,73.256,73.368,73.496,73.542,72.259,66.206,65.146,65.492,63.265,65.19,65.651,67.371,70.97,71.944,72.418,72.79,72.12,
Turks and Caicos Islands,TCA,"Life expectancy at birth, total (years)",SP.DYN.LE00.IN,73.972,74.409,74.843,75.262,75.63,75.954,76.197,76.427,76.084,76.672,76.784,76.87,76.969,77.1,77.212,77.321,77.437,77.505,77.596,77.691,77.499,77.234,77.918,78.008,
Chad,TCD,"Life expectancy at birth, total (years)",SP.DYN.LE00.IN,47.937,48.306,48.36,48.609,48.687,48.86,48.747,49.21,49.503,49.828,50.107,50.426,50.765,51.051,51.141,51.32,51.603,51.875,52.447,52.993,53.082,53.136,54.528,55.069,
East Asia & Pacific (IDA & IBRD countries),TEA,"Life expectancy at birth, total (years)",SP.DYN.LE00.IN,70.86508266,71.20773699,71.5343529,71.83527337,71.89212446,72.44023409,72.69834473,73.04503311,72.97073219,73.51610196,73.80659809,74.0266932,74.29711263,74.51900337,74.7479822,74.97777684,75.183227,75.26716402,75.61012415,75.80428772,75.73384971,75.30098061,75.96103475,75.90856436,
Europe & Central Asia (IDA & IBRD countries),TEC,"Life expectancy at birth, total (years)",SP.DYN.LE00.IN,68.36657975,68.50802504,68.56290956,68.69681663,69.00290783,69.1399719,69.69874799,70.1803432,70.54516414,71.08323384,71.43589734,71.9266644,72.33412567,72.79510884,73.04022377,73.34246512,73.69223762,74.13421119,74.30043875,74.59396745,73.15237382,72.15390077,74.19160336,74.7300564,
Togo,TGO,"Life expectancy at birth, total (years)",SP.DYN.LE00.IN,54.577,54.746,55.032,55.299,55.594,55.916,56.142,56.382,56.651,56.927,57.227,57.612,57.94,58.345,58.766,59.22,59.669,60.135,60.601,61.055,61.123,61.328,62.29,62.739,
Thailand,THA,"Life expectancy at birth, total (years)",SP.DYN.LE00.IN,71.205,71.52,71.775,72.101,72.1,72.894,73.341,73.779,74.221,74.669,75.012,75.302,75.59,75.96,76.279,76.563,76.769,76.989,77.19,77.197,77.331,77.606,75.291,76.412,
Tajikistan,TJK,"Life expectancy at birth, total (years)",SP.DYN.LE00.IN,63.542,64.197,64.898,65.874,66.604,66.531,66.997,67.405,67.924,68.248,68.37,68.698,69.13,69.579,69.697,69.665,69.982,70.524,70.737,70.962,68.605,69.594,71.562,71.79,
Turkmenistan,TKM,"Life expectancy at birth, total (years)",SP.DYN.LE00.IN,64.931,65.325,65.593,65.854,66.055,66.275,66.574,67.02,67.584,68.155,68.608,68.87,68.961,68.968,69.001,69.061,69.142,69.19,69.272,69.405,68.846,69.353,69.913,70.073,
Latin America & the Caribbean (IDA & IBRD countries),TLA,"Life expectancy at birth, total (years)",SP.DYN.LE00.IN,70.71841023,70.99523664,71.40810691,71.71994078,72.05855942,72.42759172,72.70294893,72.93377162,73.13381082,73.32482388,73.28403817,73.81125724,74.05314274,74.27265241,74.46420315,74.65059041,74.58947943,74.76141014,74.9760978,75.13197115,73.07474936,71.74492746,74.56842935,75.56992584,
Timor-Leste,TLS,"Life expectancy at birth, total (years)",SP.DYN.LE00.IN,58.097,58.772,59.477,60.13,60.743,61.272,61.881,62.396,62.858,63.265,63.66,64.022,64.384,64.719,65.027,65.326,65.61,65.898,66.204,66.496,66.919,66.199,67.368,67.689,
"Middle East, North Africa, Afghanistan & Pakistan (IDA & IBRD)",TMN,"Life expectancy at birth, total (years)",SP.DYN.LE00.IN,65.6072409,65.97126981,66.3239554,66.41650763,66.86025219,66.82012504,67.352696,67.62165726,67.96350631,68.24795998,68.45949675,68.62996358,68.65782621,68.87864847,69.14727494,69.25153486,69.49618264,69.77724095,70.03684444,70.38009178,69.0090964,68.89310323,70.96543255,71.31945609,
Tonga,TON,"Life expectancy at birth, total (years)",SP.DYN.LE00.IN,69.635,69.8,70.03,70.228,70.433,70.56,70.71,70.887,71.041,70.949,71.319,71.437,71.546,71.65,71.721,71.851,71.951,72.066,72.169,72.292,72.379,72.13,72.635,72.895,
South Asia (IDA & IBRD),TSA,"Life expectancy at birth, total (years)",SP.DYN.LE00.IN,62.80363052,63.26211064,63.7751981,64.24083033,64.59116107,65.13159664,65.56910202,65.98902297,66.43141164,66.84109705,67.35250684,67.81083948,68.26296153,68.68532883,69.12085635,69.51103341,69.91847071,70.29047234,70.6523574,70.99756231,70.3622207,67.82152998,72.01157313,72.32476488,
Sub-Saharan Africa (IDA & IBRD countries),TSS,"Life expectancy at birth, total (years)",SP.DYN.LE00.IN,51.64524456,51.98718524,52.35739431,52.82737581,53.34646131,53.89326974,54.59012583,55.26332456,55.88731425,56.36796304,57.10706045,57.47344184,58.22811901,58.71796043,58.98557239,59.39872147,59.8121002,60.15840153,60.76672751,61.12932184,61.16752708,60.70343637,61.85717959,62.60291349,
Trinidad and Tobago,TTO,"Life expectancy at birth, total (years)",SP.DYN.LE00.IN,68.629,68.874,69.232,69.454,69.879,70.185,70.437,70.797,71.117,71.404,71.809,72.232,72.513,72.785,72.898,72.882,72.935,72.984,72.658,72.836,72.645,71.111,73.331,73.49,
Tunisia,TUN,"Life expectancy at birth, total (years)",SP.DYN.LE00.IN,72.604,72.822,73.07,73.304,73.519,73.712,73.888,74.039,74.192,74.32,74.438,74.471,74.599,74.674,74.784,74.875,75.007,75.177,75.37,75.599,75.004,72.893,76.05,76.508,
Turkiye,TUR,"Life expectancy at birth, total (years)",SP.DYN.LE00.IN,71.931,72.271,72.605,72.906,73.223,73.51,73.804,74.129,74.38,74.679,74.964,74.823,75.552,76.171,76.452,76.539,76.595,77.037,77.454,77.737,76.525,75.722,77.591,77.156,
Tuvalu,TUV,"Life expectancy at birth, total (years)",SP.DYN.LE00.IN,63.536,63.709,63.825,63.897,63.989,64.096,64.247,64.402,64.516,64.693,64.834,64.96,65.079,65.171,65.278,65.365,65.51,65.683,65.871,66.109,66.357,65.824,66.852,67.105,
Tanzania,TZA,"Life expectancy at birth, total (years)",SP.DYN.LE00.IN,53.244,54.124,54.94,55.929,56.836,57.675,58.512,59.26,59.896,60.494,61.127,61.618,62.286,62.788,63.364,63.928,64.404,64.963,65.488,66.007,66.771,66.131,66.879,66.995,
Uganda,UGA,"Life expectancy at birth, total (years)",SP.DYN.LE00.IN,49.64,50.576,51.443,52.414,53.699,54.926,56.118,57.248,58.253,59.157,59.959,60.791,61.579,62.353,63.057,63.831,64.494,65.174,65.775,66.354,66.41,66.45,67.675,68.252,
Ukraine,UKR,"Life expectancy at birth, total (years)",SP.DYN.LE00.IN,67.786,67.675,67.699,67.638,67.472,67.517,67.49,67.715,68.262,69.159,70.188,70.711,71.09,71.474,71.803,72.686,73.389,73.993,73.569,73.92,73.283,71.631,72.658,73.422,
Upper middle income,UMC,"Life expectancy at birth, total (years)",SP.DYN.LE00.IN,70.77370358,71.09627687,71.40107775,71.64953507,71.800896,72.29409071,72.57386914,72.91279675,73.09802998,73.50300153,73.83147459,74.09055397,74.41225055,74.67085995,74.92511826,75.17546917,75.34041855,75.48104272,75.82206421,76.02948077,75.23155162,74.72761499,76.00928043,76.1953051,
Uruguay,URY,"Life expectancy at birth, total (years)",SP.DYN.LE00.IN,74.693,74.987,74.979,75.086,75.319,75.829,75.888,76.15,76.275,76.67,76.691,76.614,76.691,76.953,77.194,77.285,77.351,77.618,77.527,77.503,78.381,75.434,76.468,78.138,
United States,USA,"Life expectancy at birth, total (years)",SP.DYN.LE00.IN,76.63658537,76.83658537,76.93658537,77.03658537,77.48780488,77.48780488,77.68780488,77.98780488,78.03902439,78.3902439,78.54146341,78.64146341,78.74146341,78.74146341,78.84146341,78.6902439,78.53902439,78.53902439,78.63902439,78.78780488,76.9804878,76.32926829,77.43414634,78.38536585,
Uzbekistan,UZB,"Life expectancy at birth, total (years)",SP.DYN.LE00.IN,65.456,65.853,66.376,66.852,67.203,67.481,67.905,68.483,69.035,69.517,69.836,70.143,70.411,70.692,70.973,71.33,71.58,71.737,71.999,72.093,71.461,71.681,72.147,72.388,
St. Vincent and the Grenadines,VCT,"Life expectancy at birth, total (years)",SP.DYN.LE00.IN,70.35,70.382,70.658,70.43,70.445,70.454,70.434,70.446,70.611,70.712,70.66,70.609,70.539,70.091,70.355,70.463,70.7,71.013,71.017,70.994,69.605,69.132,71.191,71.23,
"Venezuela, RB",VEN,"Life expectancy at birth, total (years)",SP.DYN.LE00.IN,72.388,71.019,72.823,72.056,72.752,73.075,72.972,73.348,72.578,72.785,73.092,73.09,73.086,73.076,72.837,73.004,72.002,71.903,72.641,72.766,72.369,71.536,72.566,72.514,
British Virgin Islands,VGB,"Life expectancy at birth, total (years)",SP.DYN.LE00.IN,74.753,74.831,74.971,75.183,75.404,75.569,75.745,75.893,76.07,76.205,76.289,76.363,76.433,76.472,76.527,76.558,76.624,75.67,76.728,76.845,76.894,75.297,77.177,77.276,
Virgin Islands (U.S.),VIR,"Life expectancy at birth, total (years)",SP.DYN.LE00.IN,76.6195122,77.62195122,77.52195122,77.52195122,77.77317073,77.42195122,78.32439024,76.86341463,77.16341463,77.51463415,77.86585366,78.31707317,78.51707317,78.71707317,78.86829268,79.01707317,79.16829268,79.36829268,79.5195122,79.66829268,79.8195122,80.06829268,80.3195122,80.5195122,
Viet Nam,VNM,"Life expectancy at birth, total (years)",SP.DYN.LE00.IN,72.746,72.984,73.138,73.236,73.062,73.198,73.293,73.385,73.455,73.525,73.611,73.713,73.762,73.821,73.886,73.955,73.984,74.026,74.1,74.211,75.383,74.145,74.502,74.588,
Vanuatu,VUT,"Life expectancy at birth, total (years)",SP.DYN.LE00.IN,68.586,68.722,68.836,68.933,68.985,69.166,69.126,69.144,69.302,69.422,69.57,69.729,69.898,69.986,70.043,70.163,70.397,70.5,70.626,70.783,70.385,69.952,71.302,71.477,
World,WLD,"Life expectancy at birth, total (years)",SP.DYN.LE00.IN,67.64972573,67.94439843,68.2305637,68.51496107,68.77025245,69.11057582,69.46811655,69.80409787,70.00347393,70.37952511,70.68184335,70.96801349,71.26375458,71.53267021,71.77554368,71.96475451,72.1848946,72.36534478,72.64361208,72.86891031,72.18222395,71.21548417,72.96901572,73.32971628,
Samoa,WSM,"Life expectancy at birth, total (years)",SP.DYN.LE00.IN,70.791,71.028,71.233,71.441,71.508,71.487,71.62,71.605,71.531,69.486,71.451,71.393,71.159,71.229,71.142,71.06,71.003,70.991,71.052,70.269,70.727,71.096,71.55,71.698,
Kosovo,XKX,"Life expectancy at birth, total (years)",SP.DYN.LE00.IN,71.321,71.782,72.227,72.678,73.132,73.437,73.63,74.422,74.711,74.79,74.609,75.323,75.75,76.336,76.179,76.024,76.748,77.105,77.117,77.249,74.212,74.981,77.623,78.033,
"Yemen, Rep.",YEM,"Life expectancy at birth, total (years)",SP.DYN.LE00.IN,62.761,63.286,63.807,64.407,64.881,65.356,65.8,66.23,66.609,66.905,67.223,67.412,67.569,67.961,68.003,66.761,67.105,67.12,65.915,66.567,66.435,66.019,67.952,69.295,
South Africa,ZAF,"Life expectancy at birth, total (years)",SP.DYN.LE00.IN,58.368,57.161,55.58,54.245,53.963,53.914,54.22,54.948,55.982,57.413,58.886,60.602,61.737,62.388,63.184,64.053,64.749,65.422,65.726,66.071,65.15,62.01,65.454,66.139,
Zambia,ZMB,"Life expectancy at birth, total (years)",SP.DYN.LE00.IN,46.577,47.408,48.461,49.616,50.54,51.615,52.693,53.73,54.835,55.886,56.896,57.843,58.704,59.445,60.109,60.728,61.129,61.564,62.138,62.914,63.361,62.363,65.279,66.349,
Zimbabwe,ZWE,"Life expectancy at birth, total (years)",SP.DYN.LE00.IN,46.034,44.525,45.938,45.373,46.043,46.57,47.056,47.576,48.456,49.75,51.925,53.911,55.386,56.842,58.106,58.989,59.76,60.263,60.906,61.06,61.53,60.135,62.36,62.775,